"filename", "language", "MS SQL", "Java", "XML", "CSS", "Markdown", "Java Properties", "Docker", "YAML", "comment", "blank", "total"
"/Users/zarifkhan/Documents/COURSES/PAST_COURSES/COMP 3005/HealthAndFitnessApp/.idea/compiler.xml", "XML", 0, 0, 13, 0, 0, 0, 0, 0, 0, 0, 13
"/Users/zarifkhan/Documents/COURSES/PAST_COURSES/COMP 3005/HealthAndFitnessApp/.idea/inspectionProfiles/Project_Default.xml", "XML", 0, 0, 8, 0, 0, 0, 0, 0, 0, 0, 8
"/Users/zarifkhan/Documents/COURSES/PAST_COURSES/COMP 3005/HealthAndFitnessApp/.idea/jarRepositories.xml", "XML", 0, 0, 20, 0, 0, 0, 0, 0, 0, 0, 20
"/Users/zarifkhan/Documents/COURSES/PAST_COURSES/COMP 3005/HealthAndFitnessApp/.idea/libraries/javaFX_common.xml", "XML", 0, 0, 7, 0, 0, 0, 0, 0, 0, 0, 7
"/Users/zarifkhan/Documents/COURSES/PAST_COURSES/COMP 3005/HealthAndFitnessApp/.idea/misc.xml", "XML", 0, 0, 13, 0, 0, 0, 0, 0, 0, 0, 13
"/Users/zarifkhan/Documents/COURSES/PAST_COURSES/COMP 3005/HealthAndFitnessApp/.idea/modules.xml", "XML", 0, 0, 8, 0, 0, 0, 0, 0, 0, 0, 8
"/Users/zarifkhan/Documents/COURSES/PAST_COURSES/COMP 3005/HealthAndFitnessApp/.idea/uiDesigner.xml", "XML", 0, 0, 124, 0, 0, 0, 0, 0, 0, 0, 124
"/Users/zarifkhan/Documents/COURSES/PAST_COURSES/COMP 3005/HealthAndFitnessApp/.idea/vcs.xml", "XML", 0, 0, 6, 0, 0, 0, 0, 0, 0, 0, 6
"/Users/zarifkhan/Documents/COURSES/PAST_COURSES/COMP 3005/HealthAndFitnessApp/Dockerfile", "Docker", 0, 0, 0, 0, 0, 0, 5, 0, 0, 4, 9
"/Users/zarifkhan/Documents/COURSES/PAST_COURSES/COMP 3005/HealthAndFitnessApp/README.md", "Markdown", 0, 0, 0, 0, 31, 0, 0, 0, 0, 16, 47
"/Users/zarifkhan/Documents/COURSES/PAST_COURSES/COMP 3005/HealthAndFitnessApp/SQL/DDL.sql", "MS SQL", 62, 0, 0, 0, 0, 0, 0, 0, 8, 9, 79
"/Users/zarifkhan/Documents/COURSES/PAST_COURSES/COMP 3005/HealthAndFitnessApp/SQL/DML.sql", "MS SQL", 20, 0, 0, 0, 0, 0, 0, 0, 5, 8, 33
"/Users/zarifkhan/Documents/COURSES/PAST_COURSES/COMP 3005/HealthAndFitnessApp/dependency-reduced-pom.xml", "XML", 0, 0, 52, 0, 0, 0, 0, 0, 0, 1, 53
"/Users/zarifkhan/Documents/COURSES/PAST_COURSES/COMP 3005/HealthAndFitnessApp/docker-compose.yml", "YAML", 0, 0, 0, 0, 0, 0, 0, 23, 0, 3, 26
"/Users/zarifkhan/Documents/COURSES/PAST_COURSES/COMP 3005/HealthAndFitnessApp/my-project.iml", "XML", 0, 0, 8, 0, 0, 0, 0, 0, 0, 0, 8
"/Users/zarifkhan/Documents/COURSES/PAST_COURSES/COMP 3005/HealthAndFitnessApp/pom.xml", "XML", 0, 0, 88, 0, 0, 0, 0, 0, 4, 9, 101
"/Users/zarifkhan/Documents/COURSES/PAST_COURSES/COMP 3005/HealthAndFitnessApp/src/main/java/org/backend/Controllers/AddClassController.java", "Java", 0, 22, 0, 0, 0, 0, 0, 0, 0, 9, 31
"/Users/zarifkhan/Documents/COURSES/PAST_COURSES/COMP 3005/HealthAndFitnessApp/src/main/java/org/backend/Controllers/AddEquipmentController.java", "Java", 0, 20, 0, 0, 0, 0, 0, 0, 0, 9, 29
"/Users/zarifkhan/Documents/COURSES/PAST_COURSES/COMP 3005/HealthAndFitnessApp/src/main/java/org/backend/Controllers/AdminAuthenticationController.java", "Java", 0, 58, 0, 0, 0, 0, 0, 0, 2, 12, 72
"/Users/zarifkhan/Documents/COURSES/PAST_COURSES/COMP 3005/HealthAndFitnessApp/src/main/java/org/backend/Controllers/AdminFunctionController.java", "Java", 0, 45, 0, 0, 0, 0, 0, 0, 0, 16, 61
"/Users/zarifkhan/Documents/COURSES/PAST_COURSES/COMP 3005/HealthAndFitnessApp/src/main/java/org/backend/Controllers/AdminFunctions.java", "Java", 0, 320, 0, 0, 0, 0, 0, 0, 77, 152, 549
"/Users/zarifkhan/Documents/COURSES/PAST_COURSES/COMP 3005/HealthAndFitnessApp/src/main/java/org/backend/Controllers/ApplicationInterface.java", "Java", 0, 266, 0, 0, 0, 0, 0, 0, 77, 128, 471
"/Users/zarifkhan/Documents/COURSES/PAST_COURSES/COMP 3005/HealthAndFitnessApp/src/main/java/org/backend/Controllers/BillingController.java", "Java", 0, 40, 0, 0, 0, 0, 0, 0, 0, 20, 60
"/Users/zarifkhan/Documents/COURSES/PAST_COURSES/COMP 3005/HealthAndFitnessApp/src/main/java/org/backend/Controllers/CreateMemberController.java", "Java", 0, 20, 0, 0, 0, 0, 0, 0, 0, 7, 27
"/Users/zarifkhan/Documents/COURSES/PAST_COURSES/COMP 3005/HealthAndFitnessApp/src/main/java/org/backend/Controllers/CreateRoomController.java", "Java", 0, 22, 0, 0, 0, 0, 0, 0, 0, 11, 33
"/Users/zarifkhan/Documents/COURSES/PAST_COURSES/COMP 3005/HealthAndFitnessApp/src/main/java/org/backend/Controllers/CreateTrainerController.java", "Java", 0, 20, 0, 0, 0, 0, 0, 0, 0, 7, 27
"/Users/zarifkhan/Documents/COURSES/PAST_COURSES/COMP 3005/HealthAndFitnessApp/src/main/java/org/backend/Controllers/LandingController.java", "Java", 0, 43, 0, 0, 0, 0, 0, 0, 0, 17, 60
"/Users/zarifkhan/Documents/COURSES/PAST_COURSES/COMP 3005/HealthAndFitnessApp/src/main/java/org/backend/Controllers/ManageRoomBookingsController.java", "Java", 0, 67, 0, 0, 0, 0, 0, 0, 0, 17, 84
"/Users/zarifkhan/Documents/COURSES/PAST_COURSES/COMP 3005/HealthAndFitnessApp/src/main/java/org/backend/Controllers/MemberFitnessGoalController.java", "Java", 0, 37, 0, 0, 0, 0, 0, 0, 0, 20, 57
"/Users/zarifkhan/Documents/COURSES/PAST_COURSES/COMP 3005/HealthAndFitnessApp/src/main/java/org/backend/Controllers/MemberFunctions.java", "Java", 0, 600, 0, 0, 0, 0, 0, 0, 336, 261, 1197
"/Users/zarifkhan/Documents/COURSES/PAST_COURSES/COMP 3005/HealthAndFitnessApp/src/main/java/org/backend/Controllers/MemberFunctionsController.java", "Java", 0, 121, 0, 0, 0, 0, 0, 0, 0, 38, 159
"/Users/zarifkhan/Documents/COURSES/PAST_COURSES/COMP 3005/HealthAndFitnessApp/src/main/java/org/backend/Controllers/MemberLoginController.java", "Java", 0, 47, 0, 0, 0, 0, 0, 0, 0, 17, 64
"/Users/zarifkhan/Documents/COURSES/PAST_COURSES/COMP 3005/HealthAndFitnessApp/src/main/java/org/backend/Controllers/MemberTrainingSessionController.java", "Java", 0, 44, 0, 0, 0, 0, 0, 0, 0, 21, 65
"/Users/zarifkhan/Documents/COURSES/PAST_COURSES/COMP 3005/HealthAndFitnessApp/src/main/java/org/backend/Controllers/MonitorFitnessEquipmentController.java", "Java", 0, 66, 0, 0, 0, 0, 0, 0, 0, 24, 90
"/Users/zarifkhan/Documents/COURSES/PAST_COURSES/COMP 3005/HealthAndFitnessApp/src/main/java/org/backend/Controllers/RemoveClassController.java", "Java", 0, 18, 0, 0, 0, 0, 0, 0, 0, 8, 26
"/Users/zarifkhan/Documents/COURSES/PAST_COURSES/COMP 3005/HealthAndFitnessApp/src/main/java/org/backend/Controllers/RemoveEquipmentController.java", "Java", 0, 18, 0, 0, 0, 0, 0, 0, 0, 6, 24
"/Users/zarifkhan/Documents/COURSES/PAST_COURSES/COMP 3005/HealthAndFitnessApp/src/main/java/org/backend/Controllers/RemoveRoomController.java", "Java", 0, 21, 0, 0, 0, 0, 0, 0, 0, 8, 29
"/Users/zarifkhan/Documents/COURSES/PAST_COURSES/COMP 3005/HealthAndFitnessApp/src/main/java/org/backend/Controllers/RescheduleRoomController.java", "Java", 0, 25, 0, 0, 0, 0, 0, 0, 0, 11, 36
"/Users/zarifkhan/Documents/COURSES/PAST_COURSES/COMP 3005/HealthAndFitnessApp/src/main/java/org/backend/Controllers/TrainerFunctions.java", "Java", 0, 211, 0, 0, 0, 0, 0, 0, 47, 82, 340
"/Users/zarifkhan/Documents/COURSES/PAST_COURSES/COMP 3005/HealthAndFitnessApp/src/main/java/org/backend/Controllers/TrainerFunctionsController.java", "Java", 0, 67, 0, 0, 0, 0, 0, 0, 0, 18, 85
"/Users/zarifkhan/Documents/COURSES/PAST_COURSES/COMP 3005/HealthAndFitnessApp/src/main/java/org/backend/Controllers/TrainerLoginController.java", "Java", 0, 42, 0, 0, 0, 0, 0, 0, 0, 12, 54
"/Users/zarifkhan/Documents/COURSES/PAST_COURSES/COMP 3005/HealthAndFitnessApp/src/main/java/org/backend/Controllers/UpdateClassSchedulesController.java", "Java", 0, 60, 0, 0, 0, 0, 0, 0, 0, 16, 76
"/Users/zarifkhan/Documents/COURSES/PAST_COURSES/COMP 3005/HealthAndFitnessApp/src/main/java/org/backend/Controllers/UpdateEquipmentDateController.java", "Java", 0, 17, 0, 0, 0, 0, 0, 0, 0, 7, 24
"/Users/zarifkhan/Documents/COURSES/PAST_COURSES/COMP 3005/HealthAndFitnessApp/src/main/java/org/backend/HealthAndFitnessMemberJDBCConnect.java", "Java", 0, 70, 0, 0, 0, 0, 0, 0, 32, 22, 124
"/Users/zarifkhan/Documents/COURSES/PAST_COURSES/COMP 3005/HealthAndFitnessApp/src/main/java/org/backend/Main.java", "Java", 0, 6, 0, 0, 0, 0, 0, 0, 0, 4, 10
"/Users/zarifkhan/Documents/COURSES/PAST_COURSES/COMP 3005/HealthAndFitnessApp/src/main/resources/AddClass.fxml", "XML", 0, 0, 44, 0, 0, 0, 0, 0, 0, 3, 47
"/Users/zarifkhan/Documents/COURSES/PAST_COURSES/COMP 3005/HealthAndFitnessApp/src/main/resources/AddEquipment.fxml", "XML", 0, 0, 36, 0, 0, 0, 0, 0, 0, 3, 39
"/Users/zarifkhan/Documents/COURSES/PAST_COURSES/COMP 3005/HealthAndFitnessApp/src/main/resources/AdminAuthentication.fxml", "XML", 0, 0, 26, 0, 0, 0, 0, 0, 0, 3, 29
"/Users/zarifkhan/Documents/COURSES/PAST_COURSES/COMP 3005/HealthAndFitnessApp/src/main/resources/AdminFunctions.fxml", "XML", 0, 0, 49, 0, 0, 0, 0, 0, 0, 3, 52
"/Users/zarifkhan/Documents/COURSES/PAST_COURSES/COMP 3005/HealthAndFitnessApp/src/main/resources/Billing.fxml", "XML", 0, 0, 75, 0, 0, 0, 0, 0, 0, 3, 78
"/Users/zarifkhan/Documents/COURSES/PAST_COURSES/COMP 3005/HealthAndFitnessApp/src/main/resources/CreateAccount.fxml", "XML", 0, 0, 42, 0, 0, 0, 0, 0, 0, 3, 45
"/Users/zarifkhan/Documents/COURSES/PAST_COURSES/COMP 3005/HealthAndFitnessApp/src/main/resources/CreateRoom.fxml", "XML", 0, 0, 41, 0, 0, 0, 0, 0, 0, 3, 44
"/Users/zarifkhan/Documents/COURSES/PAST_COURSES/COMP 3005/HealthAndFitnessApp/src/main/resources/CreateTrainerAccount.fxml", "XML", 0, 0, 42, 0, 0, 0, 0, 0, 0, 3, 45
"/Users/zarifkhan/Documents/COURSES/PAST_COURSES/COMP 3005/HealthAndFitnessApp/src/main/resources/DeleteRoom.fxml", "XML", 0, 0, 31, 0, 0, 0, 0, 0, 0, 3, 34
"/Users/zarifkhan/Documents/COURSES/PAST_COURSES/COMP 3005/HealthAndFitnessApp/src/main/resources/FitnessGoals.fxml", "XML", 0, 0, 77, 0, 0, 0, 0, 0, 0, 3, 80
"/Users/zarifkhan/Documents/COURSES/PAST_COURSES/COMP 3005/HealthAndFitnessApp/src/main/resources/Landing.fxml", "XML", 0, 0, 75, 0, 0, 0, 0, 0, 0, 3, 78
"/Users/zarifkhan/Documents/COURSES/PAST_COURSES/COMP 3005/HealthAndFitnessApp/src/main/resources/LandingStyleSheet.css", "CSS", 0, 0, 0, 0, 0, 0, 0, 0, 0, 1, 1
"/Users/zarifkhan/Documents/COURSES/PAST_COURSES/COMP 3005/HealthAndFitnessApp/src/main/resources/ManageRoomBooking.fxml", "XML", 0, 0, 63, 0, 0, 0, 0, 0, 0, 3, 66
"/Users/zarifkhan/Documents/COURSES/PAST_COURSES/COMP 3005/HealthAndFitnessApp/src/main/resources/MemberFunctions.fxml", "XML", 0, 0, 213, 0, 0, 0, 0, 0, 0, 3, 216
"/Users/zarifkhan/Documents/COURSES/PAST_COURSES/COMP 3005/HealthAndFitnessApp/src/main/resources/MemberLogin.fxml", "XML", 0, 0, 43, 0, 0, 0, 0, 0, 0, 3, 46
"/Users/zarifkhan/Documents/COURSES/PAST_COURSES/COMP 3005/HealthAndFitnessApp/src/main/resources/MemberTrainingSession.fxml", "XML", 0, 0, 65, 0, 0, 0, 0, 0, 0, 3, 68
"/Users/zarifkhan/Documents/COURSES/PAST_COURSES/COMP 3005/HealthAndFitnessApp/src/main/resources/MonitorFitnessEquipment.fxml", "XML", 0, 0, 88, 0, 0, 0, 0, 0, 0, 3, 91
"/Users/zarifkhan/Documents/COURSES/PAST_COURSES/COMP 3005/HealthAndFitnessApp/src/main/resources/RemoveClass.fxml", "XML", 0, 0, 34, 0, 0, 0, 0, 0, 0, 3, 37
"/Users/zarifkhan/Documents/COURSES/PAST_COURSES/COMP 3005/HealthAndFitnessApp/src/main/resources/RemoveEquipment.fxml", "XML", 0, 0, 31, 0, 0, 0, 0, 0, 0, 3, 34
"/Users/zarifkhan/Documents/COURSES/PAST_COURSES/COMP 3005/HealthAndFitnessApp/src/main/resources/RescheduleRoom.fxml", "XML", 0, 0, 41, 0, 0, 0, 0, 0, 0, 3, 44
"/Users/zarifkhan/Documents/COURSES/PAST_COURSES/COMP 3005/HealthAndFitnessApp/src/main/resources/TrainerFunctions.fxml", "XML", 0, 0, 102, 0, 0, 0, 0, 0, 0, 3, 105
"/Users/zarifkhan/Documents/COURSES/PAST_COURSES/COMP 3005/HealthAndFitnessApp/src/main/resources/TrainerLogin.fxml", "XML", 0, 0, 36, 0, 0, 0, 0, 0, 0, 3, 39
"/Users/zarifkhan/Documents/COURSES/PAST_COURSES/COMP 3005/HealthAndFitnessApp/src/main/resources/UpdateClassSchedules.fxml", "XML", 0, 0, 63, 0, 0, 0, 0, 0, 0, 3, 66
"/Users/zarifkhan/Documents/COURSES/PAST_COURSES/COMP 3005/HealthAndFitnessApp/src/main/resources/UpdateEquipmentDate.fxml", "XML", 0, 0, 31, 0, 0, 0, 0, 0, 0, 3, 34
"/Users/zarifkhan/Documents/COURSES/PAST_COURSES/COMP 3005/HealthAndFitnessApp/target/classes/AddClass.fxml", "XML", 0, 0, 44, 0, 0, 0, 0, 0, 0, 3, 47
"/Users/zarifkhan/Documents/COURSES/PAST_COURSES/COMP 3005/HealthAndFitnessApp/target/classes/AddEquipment.fxml", "XML", 0, 0, 36, 0, 0, 0, 0, 0, 0, 3, 39
"/Users/zarifkhan/Documents/COURSES/PAST_COURSES/COMP 3005/HealthAndFitnessApp/target/classes/AdminAuthentication.fxml", "XML", 0, 0, 26, 0, 0, 0, 0, 0, 0, 3, 29
"/Users/zarifkhan/Documents/COURSES/PAST_COURSES/COMP 3005/HealthAndFitnessApp/target/classes/AdminFunctions.fxml", "XML", 0, 0, 49, 0, 0, 0, 0, 0, 0, 3, 52
"/Users/zarifkhan/Documents/COURSES/PAST_COURSES/COMP 3005/HealthAndFitnessApp/target/classes/Billing.fxml", "XML", 0, 0, 75, 0, 0, 0, 0, 0, 0, 3, 78
"/Users/zarifkhan/Documents/COURSES/PAST_COURSES/COMP 3005/HealthAndFitnessApp/target/classes/CreateAccount.fxml", "XML", 0, 0, 42, 0, 0, 0, 0, 0, 0, 3, 45
"/Users/zarifkhan/Documents/COURSES/PAST_COURSES/COMP 3005/HealthAndFitnessApp/target/classes/CreateRoom.fxml", "XML", 0, 0, 41, 0, 0, 0, 0, 0, 0, 3, 44
"/Users/zarifkhan/Documents/COURSES/PAST_COURSES/COMP 3005/HealthAndFitnessApp/target/classes/CreateTrainerAccount.fxml", "XML", 0, 0, 42, 0, 0, 0, 0, 0, 0, 3, 45
"/Users/zarifkhan/Documents/COURSES/PAST_COURSES/COMP 3005/HealthAndFitnessApp/target/classes/DeleteRoom.fxml", "XML", 0, 0, 31, 0, 0, 0, 0, 0, 0, 3, 34
"/Users/zarifkhan/Documents/COURSES/PAST_COURSES/COMP 3005/HealthAndFitnessApp/target/classes/FitnessGoals.fxml", "XML", 0, 0, 77, 0, 0, 0, 0, 0, 0, 3, 80
"/Users/zarifkhan/Documents/COURSES/PAST_COURSES/COMP 3005/HealthAndFitnessApp/target/classes/Landing.fxml", "XML", 0, 0, 75, 0, 0, 0, 0, 0, 0, 3, 78
"/Users/zarifkhan/Documents/COURSES/PAST_COURSES/COMP 3005/HealthAndFitnessApp/target/classes/LandingStyleSheet.css", "CSS", 0, 0, 0, 0, 0, 0, 0, 0, 0, 1, 1
"/Users/zarifkhan/Documents/COURSES/PAST_COURSES/COMP 3005/HealthAndFitnessApp/target/classes/ManageRoomBooking.fxml", "XML", 0, 0, 63, 0, 0, 0, 0, 0, 0, 3, 66
"/Users/zarifkhan/Documents/COURSES/PAST_COURSES/COMP 3005/HealthAndFitnessApp/target/classes/MemberFunctions.fxml", "XML", 0, 0, 213, 0, 0, 0, 0, 0, 0, 3, 216
"/Users/zarifkhan/Documents/COURSES/PAST_COURSES/COMP 3005/HealthAndFitnessApp/target/classes/MemberLogin.fxml", "XML", 0, 0, 43, 0, 0, 0, 0, 0, 0, 3, 46
"/Users/zarifkhan/Documents/COURSES/PAST_COURSES/COMP 3005/HealthAndFitnessApp/target/classes/MemberTrainingSession.fxml", "XML", 0, 0, 65, 0, 0, 0, 0, 0, 0, 3, 68
"/Users/zarifkhan/Documents/COURSES/PAST_COURSES/COMP 3005/HealthAndFitnessApp/target/classes/MonitorFitnessEquipment.fxml", "XML", 0, 0, 88, 0, 0, 0, 0, 0, 0, 3, 91
"/Users/zarifkhan/Documents/COURSES/PAST_COURSES/COMP 3005/HealthAndFitnessApp/target/classes/RemoveClass.fxml", "XML", 0, 0, 34, 0, 0, 0, 0, 0, 0, 3, 37
"/Users/zarifkhan/Documents/COURSES/PAST_COURSES/COMP 3005/HealthAndFitnessApp/target/classes/RemoveEquipment.fxml", "XML", 0, 0, 31, 0, 0, 0, 0, 0, 0, 3, 34
"/Users/zarifkhan/Documents/COURSES/PAST_COURSES/COMP 3005/HealthAndFitnessApp/target/classes/RescheduleRoom.fxml", "XML", 0, 0, 41, 0, 0, 0, 0, 0, 0, 3, 44
"/Users/zarifkhan/Documents/COURSES/PAST_COURSES/COMP 3005/HealthAndFitnessApp/target/classes/TrainerFunctions.fxml", "XML", 0, 0, 102, 0, 0, 0, 0, 0, 0, 3, 105
"/Users/zarifkhan/Documents/COURSES/PAST_COURSES/COMP 3005/HealthAndFitnessApp/target/classes/TrainerLogin.fxml", "XML", 0, 0, 36, 0, 0, 0, 0, 0, 0, 3, 39
"/Users/zarifkhan/Documents/COURSES/PAST_COURSES/COMP 3005/HealthAndFitnessApp/target/classes/UpdateClassSchedules.fxml", "XML", 0, 0, 63, 0, 0, 0, 0, 0, 0, 3, 66
"/Users/zarifkhan/Documents/COURSES/PAST_COURSES/COMP 3005/HealthAndFitnessApp/target/classes/UpdateEquipmentDate.fxml", "XML", 0, 0, 31, 0, 0, 0, 0, 0, 0, 3, 34
"/Users/zarifkhan/Documents/COURSES/PAST_COURSES/COMP 3005/HealthAndFitnessApp/target/classes/org/backend/Controllers/AddClassController.class", "Java", 0, 13, 0, 0, 0, 0, 0, 0, 0, 0, 13
"/Users/zarifkhan/Documents/COURSES/PAST_COURSES/COMP 3005/HealthAndFitnessApp/target/classes/org/backend/Controllers/AddEquipmentController.class", "Java", 0, 14, 0, 0, 0, 0, 0, 0, 0, 0, 14
"/Users/zarifkhan/Documents/COURSES/PAST_COURSES/COMP 3005/HealthAndFitnessApp/target/classes/org/backend/Controllers/AdminAuthenticationController$1.class", "Java", 0, 13, 0, 0, 0, 0, 0, 0, 0, 0, 13
"/Users/zarifkhan/Documents/COURSES/PAST_COURSES/COMP 3005/HealthAndFitnessApp/target/classes/org/backend/Controllers/AdminAuthenticationController.class", "Java", 0, 41, 0, 0, 0, 0, 0, 0, 0, 0, 41
"/Users/zarifkhan/Documents/COURSES/PAST_COURSES/COMP 3005/HealthAndFitnessApp/target/classes/org/backend/Controllers/AdminFunctionController.class", "Java", 0, 26, 0, 0, 0, 0, 0, 0, 0, 0, 26
"/Users/zarifkhan/Documents/COURSES/PAST_COURSES/COMP 3005/HealthAndFitnessApp/target/classes/org/backend/Controllers/AdminFunctions.class", "Java", 0, 135, 0, 0, 0, 0, 0, 0, 0, 1, 136
"/Users/zarifkhan/Documents/COURSES/PAST_COURSES/COMP 3005/HealthAndFitnessApp/target/classes/org/backend/Controllers/ApplicationInterface.class", "Java", 0, 84, 0, 0, 0, 0, 0, 0, 0, 0, 84
"/Users/zarifkhan/Documents/COURSES/PAST_COURSES/COMP 3005/HealthAndFitnessApp/target/classes/org/backend/Controllers/BillingController.class", "Java", 0, 21, 0, 0, 0, 0, 0, 0, 0, 0, 21
"/Users/zarifkhan/Documents/COURSES/PAST_COURSES/COMP 3005/HealthAndFitnessApp/target/classes/org/backend/Controllers/CreateMemberController.class", "Java", 0, 14, 0, 0, 0, 0, 0, 0, 0, 0, 14
"/Users/zarifkhan/Documents/COURSES/PAST_COURSES/COMP 3005/HealthAndFitnessApp/target/classes/org/backend/Controllers/CreateRoomController.class", "Java", 0, 15, 0, 0, 0, 0, 0, 0, 0, 0, 15
"/Users/zarifkhan/Documents/COURSES/PAST_COURSES/COMP 3005/HealthAndFitnessApp/target/classes/org/backend/Controllers/CreateTrainerController.class", "Java", 0, 14, 0, 0, 0, 0, 0, 0, 0, 0, 14
"/Users/zarifkhan/Documents/COURSES/PAST_COURSES/COMP 3005/HealthAndFitnessApp/target/classes/org/backend/Controllers/LandingController.class", "Java", 0, 22, 0, 0, 0, 0, 0, 0, 0, 0, 22
"/Users/zarifkhan/Documents/COURSES/PAST_COURSES/COMP 3005/HealthAndFitnessApp/target/classes/org/backend/Controllers/ManageRoomBookingsController.class", "Java", 0, 29, 0, 0, 0, 0, 0, 0, 0, 0, 29
"/Users/zarifkhan/Documents/COURSES/PAST_COURSES/COMP 3005/HealthAndFitnessApp/target/classes/org/backend/Controllers/MemberFitnessGoalController.class", "Java", 0, 21, 0, 0, 0, 0, 0, 0, 0, 0, 21
"/Users/zarifkhan/Documents/COURSES/PAST_COURSES/COMP 3005/HealthAndFitnessApp/target/classes/org/backend/Controllers/MemberFunctions.class", "Java", 0, 218, 0, 0, 0, 0, 0, 0, 0, 0, 218
"/Users/zarifkhan/Documents/COURSES/PAST_COURSES/COMP 3005/HealthAndFitnessApp/target/classes/org/backend/Controllers/MemberFunctionsController.class", "Java", 0, 53, 0, 0, 0, 0, 0, 0, 0, 0, 53
"/Users/zarifkhan/Documents/COURSES/PAST_COURSES/COMP 3005/HealthAndFitnessApp/target/classes/org/backend/Controllers/MemberLoginController.class", "Java", 0, 25, 0, 0, 0, 0, 0, 0, 2, 0, 27
"/Users/zarifkhan/Documents/COURSES/PAST_COURSES/COMP 3005/HealthAndFitnessApp/target/classes/org/backend/Controllers/MemberTrainingSessionController.class", "Java", 0, 24, 0, 0, 0, 0, 0, 0, 0, 0, 24
"/Users/zarifkhan/Documents/COURSES/PAST_COURSES/COMP 3005/HealthAndFitnessApp/target/classes/org/backend/Controllers/MonitorFitnessEquipmentController.class", "Java", 0, 32, 0, 0, 0, 0, 0, 0, 0, 0, 32
"/Users/zarifkhan/Documents/COURSES/PAST_COURSES/COMP 3005/HealthAndFitnessApp/target/classes/org/backend/Controllers/RemoveClassController.class", "Java", 0, 14, 0, 0, 0, 0, 0, 0, 0, 0, 14
"/Users/zarifkhan/Documents/COURSES/PAST_COURSES/COMP 3005/HealthAndFitnessApp/target/classes/org/backend/Controllers/RemoveEquipmentController.class", "Java", 0, 15, 0, 0, 0, 0, 0, 0, 0, 0, 15
"/Users/zarifkhan/Documents/COURSES/PAST_COURSES/COMP 3005/HealthAndFitnessApp/target/classes/org/backend/Controllers/RemoveRoomController.class", "Java", 0, 17, 0, 0, 0, 0, 0, 0, 0, 0, 17
"/Users/zarifkhan/Documents/COURSES/PAST_COURSES/COMP 3005/HealthAndFitnessApp/target/classes/org/backend/Controllers/RescheduleRoomController.class", "Java", 0, 15, 0, 0, 0, 0, 0, 0, 0, 0, 15
"/Users/zarifkhan/Documents/COURSES/PAST_COURSES/COMP 3005/HealthAndFitnessApp/target/classes/org/backend/Controllers/TrainerFunctions.class", "Java", 0, 76, 0, 0, 0, 0, 0, 0, 0, 0, 76
"/Users/zarifkhan/Documents/COURSES/PAST_COURSES/COMP 3005/HealthAndFitnessApp/target/classes/org/backend/Controllers/TrainerFunctionsController.class", "Java", 0, 30, 0, 0, 0, 0, 0, 0, 0, 0, 30
"/Users/zarifkhan/Documents/COURSES/PAST_COURSES/COMP 3005/HealthAndFitnessApp/target/classes/org/backend/Controllers/TrainerLoginController.class", "Java", 0, 25, 0, 0, 0, 0, 0, 0, 0, 0, 25
"/Users/zarifkhan/Documents/COURSES/PAST_COURSES/COMP 3005/HealthAndFitnessApp/target/classes/org/backend/Controllers/UpdateClassSchedulesController.class", "Java", 0, 28, 0, 0, 0, 0, 0, 0, 0, 0, 28
"/Users/zarifkhan/Documents/COURSES/PAST_COURSES/COMP 3005/HealthAndFitnessApp/target/classes/org/backend/Controllers/UpdateEquipmentDateController.class", "Java", 0, 14, 0, 0, 0, 0, 0, 0, 0, 0, 14
"/Users/zarifkhan/Documents/COURSES/PAST_COURSES/COMP 3005/HealthAndFitnessApp/target/classes/org/backend/HealthAndFitnessMemberJDBCConnect.class", "Java", 0, 35, 0, 0, 0, 0, 0, 0, 0, 0, 35
"/Users/zarifkhan/Documents/COURSES/PAST_COURSES/COMP 3005/HealthAndFitnessApp/target/classes/org/backend/Main.class", "Java", 0, 7, 0, 0, 0, 0, 0, 0, 0, 0, 7
"/Users/zarifkhan/Documents/COURSES/PAST_COURSES/COMP 3005/HealthAndFitnessApp/target/maven-archiver/pom.properties", "Java Properties", 0, 0, 0, 0, 0, 3, 0, 0, 0, 1, 4
"Total", "-", 82, 3503, 3043, 0, 31, 3, 5, 23, 590, 1172, 8452